{
    "context": "client",
    "identifier": "com.pa.gtc.settingsmanager",
    "display_name": "GTC Settings Manager",
    "description": "Framework for extended settings",
    "author": "gonzo4711",
    "version": "1.0",
    "signature": "not yet implemented",
    "priority": 11,
    "id": "gtcSettingsManager",
    "forum": "https://forums.uberent.com/threads/wip-more-settings-manager.61034/",
    "category": [
        "Framework"
    ],
    "scenes": {
        "settings": [
            "coui://ui/mods/gtcSettingsManager/gtcSettingsManager.js",
            "coui://ui/mods/gtcSettingsManager/gtcSettingsManager.css"
        ]
    },
    "global_mod_list": [
        "coui://ui/mods/gtcSettingsManager/gtcSettingsManager_global.js"
    ],
    "requires": [],
    "date": "2014/07/29",
    "build": "69564",
    "enabled": true
}